{"cameraMode":{"drawMode":0,"name":"Shaded","section":"Shading Mode"},"sceneLighting":false,"audioPlay":false,"sceneViewState":{"m_AlwaysRefresh":false,"showFog":true,"showSkybox":false,"showFlares":true,"showImageEffects":true,"showParticleSystems":true,"showVisualEffectGraphs":true,"m_FxEnabled":true},"in2DMode":false,"pivot":{"x":-0.013000011444091797,"y":1.4650001525878907,"z":1.5950000286102296},"rotation":{"x":-0.09454073756933212,"y":0.8563650846481323,"z":-0.16914165019989015,"w":-0.47868895530700686},"size":2.869034767150879,"orthographic":false}