{"cameraMode":{"drawMode":0,"name":"Shaded","section":"Shading Mode"},"sceneLighting":true,"audioPlay":false,"sceneViewState":{"m_AlwaysRefresh":false,"showFog":true,"showSkybox":true,"showFlares":true,"showImageEffects":true,"showParticleSystems":true,"showVisualEffectGraphs":true,"m_FxEnabled":true},"in2DMode":false,"pivot":{"x":-78.29229736328125,"y":16.136396408081056,"z":-19.158058166503908},"rotation":{"x":0.09927770495414734,"y":-0.2552407383918762,"z":0.026356548070907594,"w":0.9614095687866211},"size":31.375858306884767,"orthographic":true}