{"cameraMode":{"drawMode":0,"name":"Shaded","section":"Shading Mode"},"sceneLighting":true,"audioPlay":false,"sceneViewState":{"m_AlwaysRefresh":false,"showFog":true,"showSkybox":true,"showFlares":true,"showImageEffects":true,"showParticleSystems":true,"showVisualEffectGraphs":true,"m_FxEnabled":true},"in2DMode":false,"pivot":{"x":1.0398340225219727,"y":-5.812080383300781,"z":4.249174118041992},"rotation":{"x":-0.35390403866767886,"y":-0.017677783966064454,"z":0.0066910977475345139,"w":-0.9350916147232056},"size":9.714581489562989,"orthographic":false}