{"cameraMode":{"drawMode":0,"name":"Shaded","section":"Shading Mode"},"sceneLighting":true,"audioPlay":false,"sceneViewState":{"m_AlwaysRefresh":false,"showFog":true,"showSkybox":true,"showFlares":true,"showImageEffects":true,"showParticleSystems":true,"showVisualEffectGraphs":true,"m_FxEnabled":true},"in2DMode":false,"pivot":{"x":-0.026416778564453126,"y":-0.2182619571685791,"z":-8.154882431030274},"rotation":{"x":-0.04022008553147316,"y":-0.9596861004829407,"z":0.18954786658287049,"w":-0.20363886654376985},"size":2.349487781524658,"orthographic":true}