{"cameraMode":{"drawMode":0,"name":"Shaded","section":"Shading Mode"},"sceneLighting":true,"audioPlay":false,"sceneViewState":{"m_AlwaysRefresh":false,"showFog":true,"showSkybox":true,"showFlares":true,"showImageEffects":true,"showParticleSystems":true,"showVisualEffectGraphs":true,"m_FxEnabled":true},"in2DMode":false,"pivot":{"x":0.3492300510406494,"y":4.759601593017578,"z":21.283283233642579},"rotation":{"x":0.010462546721100808,"y":-0.7017185091972351,"z":-0.010312192142009735,"w":-0.7123163938522339},"size":16.055538177490236,"orthographic":false}