{"cameraMode":{"drawMode":0,"name":"Shaded","section":"Shading Mode"},"sceneLighting":true,"audioPlay":false,"sceneViewState":{"m_AlwaysRefresh":false,"showFog":true,"showSkybox":true,"showFlares":true,"showImageEffects":true,"showParticleSystems":true,"showVisualEffectGraphs":true,"m_FxEnabled":true},"in2DMode":false,"pivot":{"x":-0.7308940887451172,"y":0.9791810512542725,"z":-0.10558626055717468},"rotation":{"x":-0.2264748215675354,"y":-0.6525079607963562,"z":0.21393103897571565,"w":-0.6907971501350403},"size":4.5399017333984379,"orthographic":false}